term,estimate,std.error,statistic,p.value
(Intercept),2.9007014654764256e-12,169697.62824005555,-1.5654943913510618e-4,0.999875091620022
age,1.0000000000000004,3168.3987204517393,1.615985611480407e-19,1
sexMale,1.000000000000014,88805.83211368653,1.581980520450079e-19,1
